[SPECIES_DISPLAY_NAME]
anolis_carolinensis = Anolis carolinensis
ciona_savignyi = Ciona savignyi
danio_rerio = Danio rerio
gallus_gallus = Gallus gallus
gasterosteus_aculeatus = Gasterosteus aculeatus
homo_sapiens = Homo sapiens
monodelphis_domestica = Monodelphis domestica
mus_musculus = Mus musculus
ornithorhynchus_anatinus = Ornithorhynchus anatinus
pan_troglodytes = Pan troglodytes
pongo_abelii = Pongo abelii
xenopus_tropicalis = Xenopus tropicalis
acinetobacter_baumannii_aye = Acinetobacter baumannii AYE
actinobacillus_pleuropneumoniae_serovar_5b_str_l20 = Actinobacillus pleuropneumoniae serovar 5b str. L20
aeromonas_hydrophila_subsp_hydrophila_atcc_7966 = Aeromonas hydrophila subsp. hydrophila ATCC 7966
aeropyrum_pernix_k1 = Aeropyrum pernix K1
aggregatibacter_actinomycetemcomitans_d11s_1 = Aggregatibacter actinomycetemcomitans D11S-1
agrobacterium_fabrum_str_c58 = Agrobacterium fabrum str. C58
anaplasma_phagocytophilum_str_hz = Anaplasma phagocytophilum str. HZ
aquifex_aeolicus_vf5 = Aquifex aeolicus VF5
archaeoglobus_fulgidus_dsm_4304 = Archaeoglobus fulgidus DSM 4304
azotobacter_vinelandii_dj = Azotobacter vinelandii DJ
bacillus_subtilis_subsp_subtilis_str_168 = Bacillus subtilis subsp. subtilis str. 168
bacteroides_thetaiotaomicron_vpi_5482 = Bacteroides thetaiotaomicron VPI-5482
bartonella_henselae_str_houston_1 = Bartonella henselae str. Houston-1
bifidobacterium_longum_ncc2705 = Bifidobacterium longum NCC2705
bordetella_pertussis_tohama_i = Bordetella pertussis Tohama I
borrelia_burgdorferi_b31 = Borrelia burgdorferi B31
bradyrhizobium_diazoefficiens_usda_110 = Bradyrhizobium diazoefficiens USDA 110
brucella_abortus_bv_1_str_9_941 = Brucella abortus bv. 1 str. 9-941
buchnera_aphidicola_str_aps_acyrthosiphon_pisum_ = Buchnera aphidicola str. APS (Acyrthosiphon pisum)
burkholderia_pseudomallei_1710b = Burkholderia pseudomallei 1710b
campylobacter_jejuni_subsp_jejuni_nctc_11168_atcc_700819 = Campylobacter jejuni subsp. jejuni NCTC 11168 = ATCC 700819
candidatus_korarchaeum_cryptofilum_opf8 = Candidatus Korarchaeum cryptofilum OPF8
candidatus_koribacter_versatilis_ellin345 = Candidatus Koribacter versatilis Ellin345
caulobacter_crescentus_cb15 = Caulobacter crescentus CB15
cenarchaeum_symbiosum_a = Cenarchaeum symbiosum A
chlamydia_trachomatis_d_uw_3_cx = Chlamydia trachomatis D/UW-3/CX
chlorobium_tepidum_tls = Chlorobium tepidum TLS
chloroflexus_aurantiacus_j_10_fl = Chloroflexus aurantiacus J-10-fl
citrobacter_freundii_4_7_47cfaa = Citrobacter freundii 4_7_47CFAA
clostridium_botulinum_a_str_hall = Clostridium botulinum A str. Hall
clostridium_difficile_630 = Clostridium difficile 630
corynebacterium_glutamicum_atcc_13032_asm19633v1 = Corynebacterium glutamicum ATCC 13032 (ASM19633v1)
coxiella_burnetii_rsa_493 = Coxiella burnetii RSA 493
deinococcus_radiodurans_r1 = Deinococcus radiodurans R1
desulfovibrio_vulgaris_str_hildenborough = Desulfovibrio vulgaris str. Hildenborough
dictyoglomus_turgidum_dsm_6724 = Dictyoglomus turgidum DSM 6724
enterobacter_cloacae_subsp_cloacae_atcc_13047 = Enterobacter cloacae subsp. cloacae ATCC 13047
enterococcus_faecalis_v583_asm778v1 = Enterococcus faecalis V583 (ASM778v1)
escherichia_coli_str_k_12_substr_mg1655 = Escherichia coli str. K-12 substr. MG1655
flavobacterium_psychrophilum_jip02_86 = Flavobacterium psychrophilum JIP02/86
francisella_tularensis_subsp_tularensis_schu_s4 = Francisella tularensis subsp. tularensis SCHU S4
fusobacterium_nucleatum_subsp_nucleatum_atcc_25586 = Fusobacterium nucleatum subsp. nucleatum ATCC 25586
gardnerella_vaginalis_0288e = Gardnerella vaginalis 0288E
geobacter_sulfurreducens_pca = Geobacter sulfurreducens PCA
gloeobacter_violaceus_pcc_7421 = Gloeobacter violaceus PCC 7421
haemophilus_influenzae_rd_kw20 = Haemophilus influenzae Rd KW20
haloarcula_marismortui_atcc_43049 = Haloarcula marismortui ATCC 43049
halobacterium_salinarum_r1 = Halobacterium salinarum R1
haloferax_volcanii_ds2_asm2568v1 = Haloferax volcanii DS2 (ASM2568v1)
helicobacter_pylori_26695_asm852v1 = Helicobacter pylori 26695 (ASM852v1)
hyperthermus_butylicus_dsm_5456 = Hyperthermus butylicus DSM 5456
klebsiella_pneumoniae_subsp_pneumoniae_mgh_78578 = Klebsiella pneumoniae subsp. pneumoniae MGH 78578
lactobacillus_plantarum_wcfs1 = Lactobacillus plantarum WCFS1
lactococcus_lactis_subsp_lactis_il1403 = Lactococcus lactis subsp. lactis Il1403
legionella_pneumophila_str_paris = Legionella pneumophila str. Paris
leptospira_interrogans_serovar_lai_str_56601 = Leptospira interrogans serovar Lai str. 56601
leuconostoc_mesenteroides_subsp_mesenteroides_atcc_8293 = Leuconostoc mesenteroides subsp. mesenteroides ATCC 8293
listeria_monocytogenes_egd_e = Listeria monocytogenes EGD-e
lysinibacillus_sphaericus_c3_41 = Lysinibacillus sphaericus C3-41
mannheimia_haemolytica_serotype_a2_str_ovine = Mannheimia haemolytica serotype A2 str. OVINE
mesoplasma_florum_l1 = Mesoplasma florum L1
methanobacterium_formicicum_dsm_3637 = Methanobacterium formicicum DSM 3637
methanobrevibacter_smithii_atcc_35061 = Methanobrevibacter smithii ATCC 35061
methanocaldococcus_jannaschii_dsm_2661 = Methanocaldococcus jannaschii DSM 2661
methanococcus_maripaludis_s2 = Methanococcus maripaludis S2
methanopyrus_kandleri_av19 = Methanopyrus kandleri AV19
methanosarcina_acetivorans_c2a = Methanosarcina acetivorans C2A
methanospirillum_hungatei_jf_1 = Methanospirillum hungatei JF-1
methanothermobacter_thermautotrophicus_str_delta_h = Methanothermobacter thermautotrophicus str. Delta H
micrococcus_luteus_nctc_2665 = Micrococcus luteus NCTC 2665
microcystis_aeruginosa_nies_843 = Microcystis aeruginosa NIES-843
moorella_thermoacetica_atcc_39073 = Moorella thermoacetica ATCC 39073
moraxella_catarrhalis_7169 = Moraxella catarrhalis 7169
mycobacterium_tuberculosis_h37rv_asm19595v2 = Mycobacterium tuberculosis H37Rv (ASM19595v2)
mycoplasma_pneumoniae_m129 = Mycoplasma pneumoniae M129
myxococcus_xanthus_dk_1622 = Myxococcus xanthus DK 1622
nanoarchaeum_equitans_kin4_m = Nanoarchaeum equitans Kin4-M
natronomonas_pharaonis_dsm_2160 = Natronomonas pharaonis DSM 2160
neisseria_meningitidis_z2491 = Neisseria meningitidis Z2491
nitrosopumilus_maritimus_scm1 = Nitrosopumilus maritimus SCM1
nostoc_punctiforme_pcc_73102 = Nostoc punctiforme PCC 73102
paracoccus_denitrificans_pd1222 = Paracoccus denitrificans PD1222
pasteurella_multocida_subsp_multocida_str_pm70 = Pasteurella multocida subsp. multocida str. Pm70
porphyromonas_gingivalis_w83 = Porphyromonas gingivalis W83
prevotella_intermedia_17 = Prevotella intermedia 17
prochlorococcus_marinus_subsp_marinus_str_ccmp1375 = Prochlorococcus marinus subsp. marinus str. CCMP1375
propionibacterium_acnes_kpa171202 = Propionibacterium acnes KPA171202
proteus_mirabilis_hi4320 = Proteus mirabilis HI4320
pseudomonas_aeruginosa_mpao1_p2 = Pseudomonas aeruginosa MPAO1/P2
pyrobaculum_aerophilum_str_im2 = Pyrobaculum aerophilum str. IM2
pyrococcus_horikoshii_ot3 = Pyrococcus horikoshii OT3
ralstonia_solanacearum_gmi1000 = Ralstonia solanacearum GMI1000
rhizobium_leguminosarum_bv_viciae_3841 = Rhizobium leguminosarum bv. viciae 3841
rhodobacter_sphaeroides_2_4_1 = Rhodobacter sphaeroides 2.4.1
rhodopirellula_baltica_sh_1 = Rhodopirellula baltica SH 1
rhodospirillum_rubrum_atcc_11170 = Rhodospirillum rubrum ATCC 11170
rickettsia_prowazekii_str_madrid_e = Rickettsia prowazekii str. Madrid E
salinibacter_ruber_dsm_13855 = Salinibacter ruber DSM 13855
salmonella_enterica_subsp_enterica_serovar_typhimurium_str_lt2 = Salmonella enterica subsp. enterica serovar Typhimurium str. LT2
shewanella_oneidensis_mr_1 = Shewanella oneidensis MR-1
shigella_dysenteriae_sd197 = Shigella dysenteriae Sd197
sinorhizobium_meliloti_1021 = Sinorhizobium meliloti 1021
staphylococcus_aureus_subsp_aureus_n315 = Staphylococcus aureus subsp. aureus N315
stenotrophomonas_maltophilia_k279a = Stenotrophomonas maltophilia K279a
streptococcus_pneumoniae_tigr4 = Streptococcus pneumoniae TIGR4
streptomyces_coelicolor_a3_2_ = Streptomyces coelicolor A3(2)
sulfolobus_solfataricus_p2 = Sulfolobus solfataricus P2
synechocystis_sp_pcc_6803_asm972v1 = Synechocystis sp. PCC 6803 (ASM972v1)
thermanaerovibrio_acidaminovorans_dsm_6589 = Thermanaerovibrio acidaminovorans DSM 6589
thermococcus_kodakarensis_kod1 = Thermococcus kodakarensis KOD1
thermodesulfovibrio_yellowstonii_dsm_11347 = Thermodesulfovibrio yellowstonii DSM 11347
thermofilum_pendens_hrk_5 = Thermofilum pendens Hrk 5
thermoplasma_acidophilum_dsm_1728 = Thermoplasma acidophilum DSM 1728
thermosynechococcus_elongatus_bp_1 = Thermosynechococcus elongatus BP-1
thermotoga_maritima_msb8_asm854v1 = Thermotoga maritima MSB8 (ASM854v1)
thermus_thermophilus_hb8 = Thermus thermophilus HB8
treponema_pallidum_subsp_pallidum_str_nichols_asm860v1 = Treponema pallidum subsp. pallidum str. Nichols (ASM860v1)
ureaplasma_parvum_serovar_3_str_atcc_700970 = Ureaplasma parvum serovar 3 str. ATCC 700970
vibrio_cholerae_o1_biovar_el_tor_str_n16961 = Vibrio cholerae O1 biovar El Tor str. N16961
vibrio_fischeri_es114 = Vibrio fischeri ES114
wolbachia_endosymbiont_of_drosophila_melanogaster = Wolbachia endosymbiont of Drosophila melanogaster
xanthomonas_campestris_pv_campestris_str_atcc_33913 = Xanthomonas campestris pv. campestris str. ATCC 33913
yersinia_pestis_biovar_microtus_str_91001 = Yersinia pestis biovar Microtus str. 91001
ashbya_gossypii = Ashbya gossypii ATCC 10895
aspergillus_clavatus = Aspergillus clavatus
aspergillus_flavus = Aspergillus flavus NRRL3357
aspergillus_fumigatus = Aspergillus fumigatus Af293
aspergillus_fumigatusa1163 = Aspergillus fumigatus A1163
aspergillus_nidulans = Aspergillus nidulans FGSC A4
aspergillus_niger = Aspergillus niger
aspergillus_oryzae = Aspergillus oryzae
aspergillus_terreus = Aspergillus terreus
blumeria_graminis = Blumeria graminis
botryotinia_fuckeliana = Botryotinia fuckeliana B05.10
cryptococcus_neoformans = Cryptococcus neoformans var. neoformans JEC21
fusarium_oxysporum = Fusarium oxysporum f. sp. lycopersici
gaeumannomyces_graminis = Gaeumannomyces graminis var. tritici R3-111a-1
gibberella_moniliformis = Gibberella moniliformis 7600
gibberella_zeae = Gibberella zeae PH-1
glomerella_graminicola = Glomerella graminicola
komagataella_pastoris = Komagataella pastoris
leptosphaeria_maculans = Leptosphaeria maculans
magnaporthe_oryzae = Magnaporthe oryzae 70-15
magnaporthe_poae = Magnaporthe poae ATCC 64411
melampsora_laricipopulina = Melampsora larici-populina
microbotryum_violaceum = Microbotryum violaceum
nectria_haematococca = Nectria haematococca mpVI 77-13-4
neosartorya_fischeri = Neosartorya fischeri
neurospora_crassa = Neurospora crassa OR74A
phaeosphaeria_nodorum = Phaeosphaeria nodorum SN15
puccinia_graminis = Puccinia graminis f. sp. tritici CRL 75-36-700-3
puccinia_triticina = Puccinia triticina 1-1 BBBD Race 1
pyrenophora_teres = Pyrenophora teres f. teres
pyrenophora_triticirepentis = Pyrenophora tritici-repentis
saccharomyces_cerevisiae = Saccharomyces cerevisiae S288c
schizosaccharomyces_cryophilus = Schizosaccharomyces cryophilus OY26
schizosaccharomyces_japonicus = Schizosaccharomyces japonicus yFS275
schizosaccharomyces_octosporus = Schizosaccharomyces octosporus yFS286
schizosaccharomyces_pombe = Schizosaccharomyces pombe 972h-
sclerotinia_sclerotiorum = Sclerotinia sclerotiorum 1980 UF-70
sporisorium_reilianum = Sporisorium reilianum
trichoderma_reesei = Trichoderma reesei QM6a
trichoderma_virens = Trichoderma virens Gv29-8
tuber_melanosporum = Tuber melanosporum Mel28
ustilago_maydis = Ustilago maydis 521
verticillium_dahliae = Verticillium dahliae VdLs.17
yarrowia_lipolytica = Yarrowia lipolytica CLIB122
zymoseptoria_tritici = Zymoseptoria tritici
acyrthosiphon_pisum = Acyrthosiphon pisum
aedes_aegypti = Aedes aegypti
amphimedon_queenslandica = Amphimedon queenslandica
anopheles_darlingi = Anopheles darlingi
anopheles_gambiae = Anopheles gambiae
apis_mellifera = Apis mellifera
atta_cephalotes = Atta cephalotes
bombyx_mori = Bombyx mori
brugia_malayi = Brugia malayi
caenorhabditis_brenneri = Caenorhabditis brenneri
caenorhabditis_briggsae = Caenorhabditis briggsae
caenorhabditis_elegans = Caenorhabditis elegans
caenorhabditis_japonica = Caenorhabditis japonica
caenorhabditis_remanei = Caenorhabditis remanei
capitella_teleta = Capitella teleta
crassostrea_gigas = Crassostrea gigas
culex_quinquefasciatus = Culex quinquefasciatus
danaus_plexippus = Danaus plexippus
daphnia_pulex = Daphnia pulex
dendroctonus_ponderosae = Dendroctonus ponderosae
drosophila_ananassae = Drosophila ananassae
drosophila_erecta = Drosophila erecta
drosophila_grimshawi = Drosophila grimshawi
drosophila_melanogaster = Drosophila melanogaster
drosophila_mojavensis = Drosophila mojavensis
drosophila_persimilis = Drosophila persimilis
drosophila_pseudoobscura = Drosophila pseudoobscura
drosophila_sechellia = Drosophila sechellia
drosophila_simulans = Drosophila simulans
drosophila_virilis = Drosophila virilis
drosophila_willistoni = Drosophila willistoni
drosophila_yakuba = Drosophila yakuba
heliconius_melpomene = Heliconius melpomene
helobdella_robusta = Helobdella robusta
ixodes_scapularis = Ixodes scapularis
loa_loa = Loa loa
lottia_gigantea = Lottia gigantea
megaselia_scalaris = Megaselia scalaris
nasonia_vitripennis = Nasonia vitripennis
nematostella_vectensis = Nematostella vectensis
onchocerca_volvulus = Onchocerca volvulus
pediculus_humanus = Pediculus humanus
pristionchus_pacificus = Pristionchus pacificus
rhodnius_prolixus = Rhodnius prolixus
schistosoma_mansoni = Schistosoma mansoni
solenopsis_invicta = Solenopsis invicta
strigamia_maritima = Strigamia maritima
strongylocentrotus_purpuratus = Strongylocentrotus purpuratus
tetranychus_urticae = Tetranychus urticae
tribolium_castaneum = Tribolium castaneum
trichinella_spiralis = Trichinella spiralis
trichoplax_adhaerens = Trichoplax adhaerens
aegilops_tauschii = Aegilops tauschii
amborella_trichopoda = Amborella trichopoda
arabidopsis_lyrata = Arabidopsis lyrata subsp. lyrata
arabidopsis_thaliana = Arabidopsis thaliana
brachypodium_distachyon = Brachypodium distachyon
brassica_rapa = Brassica rapa
chlamydomonas_reinhardtii = Chlamydomonas reinhardtii
cyanidioschyzon_merolae = Cyanidioschyzon merolae strain 10D
glycine_max = Glycine max
hordeum_vulgare = Hordeum vulgare
medicago_truncatula = Medicago truncatula
musa_acuminata = Musa acuminata
oryza_barthii = Oryza barthii
oryza_brachyantha = Oryza brachyantha
oryza_glaberrima = Oryza glaberrima
oryza_glumaepatula = Oryza glumaepatula
oryza_indica = Oryza sativa Indica Group
oryza_meridionalis = Oryza meridionalis
oryza_nivara = Oryza nivara
oryza_punctata = Oryza punctata
oryza_sativa = Oryza sativa Japonica Group
physcomitrella_patens = Physcomitrella patens subsp. patens
populus_trichocarpa = Populus trichocarpa
prunus_persica = Prunus persica
selaginella_moellendorffii = Selaginella moellendorffii
setaria_italica = Setaria italica
solanum_lycopersicum = Solanum lycopersicum
solanum_tuberosum = Solanum tuberosum
sorghum_bicolor = Sorghum bicolor
triticum_aestivum = Triticum aestivum
triticum_urartu = Triticum urartu
vitis_vinifera = Vitis vinifera
zea_mays = Zea mays
albugo_laibachii = Albugo laibachii
bigelowiella_natans = Bigelowiella natans CCMP2755
dictyostelium_discoideum = Dictyostelium discoideum
emiliania_huxleyi = Emiliania huxleyi CCMP1516
entamoeba_histolytica = Entamoeba histolytica
giardia_lamblia = Giardia lamblia
guillardia_theta = Guillardia theta
hyaloperonospora_arabidopsidis = Hyaloperonospora arabidopsidis
leishmania_major = Leishmania major strain Friedlin
paramecium_tetraurelia = Paramecium tetraurelia
phaeodactylum_tricornutum = Phaeodactylum tricornutum CCAP 1055/1
phytophthora_infestans = Phytophthora infestans T30-4
phytophthora_ramorum = Phytophthora ramorum
phytophthora_sojae = Phytophthora sojae
plasmodium_berghei = Plasmodium berghei
plasmodium_chabaudi = Plasmodium chabaudi
plasmodium_falciparum = Plasmodium falciparum 3D7
plasmodium_knowlesi = Plasmodium knowlesi
plasmodium_vivax = Plasmodium vivax
pythium_aphanidermatum = Pythium aphanidermatum DAOM BR444
pythium_arrhenomanes = Pythium arrhenomanes ATCC 12531
pythium_irregulare = Pythium irregulare DAOM BR486
pythium_iwayamai = Pythium iwayamai DAOM BR242034
pythium_ultimum = Pythium ultimum DAOM BR144
pythium_vexans = Pythium vexans DAOM BR484
tetrahymena_thermophila = Tetrahymena thermophila
thalassiosira_pseudonana = Thalassiosira pseudonana CCMP1335
toxoplasma_gondii = Toxoplasma gondii ME49
trypanosoma_brucei = Trypanosoma brucei


[ENSEMBL_SPECIES_SITE]
anolis_carolinensis = ensembl
ciona_savignyi = ensembl
danio_rerio = ensembl
gallus_gallus = ensembl
gasterosteus_aculeatus = ensembl
homo_sapiens = ensembl
monodelphis_domestica = ensembl
mus_musculus = ensembl
ornithorhynchus_anatinus = ensembl
pan_troglodytes = ensembl
pongo_abelii = ensembl
xenopus_tropicalis = ensembl
acinetobacter_baumannii_aye = bacteria
actinobacillus_pleuropneumoniae_serovar_5b_str_l20 = bacteria
aeromonas_hydrophila_subsp_hydrophila_atcc_7966 = bacteria
aeropyrum_pernix_k1 = bacteria
aggregatibacter_actinomycetemcomitans_d11s_1 = bacteria
agrobacterium_fabrum_str_c58 = bacteria
anaplasma_phagocytophilum_str_hz = bacteria
aquifex_aeolicus_vf5 = bacteria
archaeoglobus_fulgidus_dsm_4304 = bacteria
azotobacter_vinelandii_dj = bacteria
bacillus_subtilis_subsp_subtilis_str_168 = bacteria
bacteroides_thetaiotaomicron_vpi_5482 = bacteria
bartonella_henselae_str_houston_1 = bacteria
bifidobacterium_longum_ncc2705 = bacteria
bordetella_pertussis_tohama_i = bacteria
borrelia_burgdorferi_b31 = bacteria
bradyrhizobium_diazoefficiens_usda_110 = bacteria
brucella_abortus_bv_1_str_9_941 = bacteria
buchnera_aphidicola_str_aps_acyrthosiphon_pisum_ = bacteria
burkholderia_pseudomallei_1710b = bacteria
campylobacter_jejuni_subsp_jejuni_nctc_11168_atcc_700819 = bacteria
candidatus_korarchaeum_cryptofilum_opf8 = bacteria
candidatus_koribacter_versatilis_ellin345 = bacteria
caulobacter_crescentus_cb15 = bacteria
cenarchaeum_symbiosum_a = bacteria
chlamydia_trachomatis_d_uw_3_cx = bacteria
chlorobium_tepidum_tls = bacteria
chloroflexus_aurantiacus_j_10_fl = bacteria
citrobacter_freundii_4_7_47cfaa = bacteria
clostridium_botulinum_a_str_hall = bacteria
clostridium_difficile_630 = bacteria
corynebacterium_glutamicum_atcc_13032_asm19633v1 = bacteria
coxiella_burnetii_rsa_493 = bacteria
deinococcus_radiodurans_r1 = bacteria
desulfovibrio_vulgaris_str_hildenborough = bacteria
dictyoglomus_turgidum_dsm_6724 = bacteria
enterobacter_cloacae_subsp_cloacae_atcc_13047 = bacteria
enterococcus_faecalis_v583_asm778v1 = bacteria
escherichia_coli_str_k_12_substr_mg1655 = bacteria
flavobacterium_psychrophilum_jip02_86 = bacteria
francisella_tularensis_subsp_tularensis_schu_s4 = bacteria
fusobacterium_nucleatum_subsp_nucleatum_atcc_25586 = bacteria
gardnerella_vaginalis_0288e = bacteria
geobacter_sulfurreducens_pca = bacteria
gloeobacter_violaceus_pcc_7421 = bacteria
haemophilus_influenzae_rd_kw20 = bacteria
haloarcula_marismortui_atcc_43049 = bacteria
halobacterium_salinarum_r1 = bacteria
haloferax_volcanii_ds2_asm2568v1 = bacteria
helicobacter_pylori_26695_asm852v1 = bacteria
hyperthermus_butylicus_dsm_5456 = bacteria
klebsiella_pneumoniae_subsp_pneumoniae_mgh_78578 = bacteria
lactobacillus_plantarum_wcfs1 = bacteria
lactococcus_lactis_subsp_lactis_il1403 = bacteria
legionella_pneumophila_str_paris = bacteria
leptospira_interrogans_serovar_lai_str_56601 = bacteria
leuconostoc_mesenteroides_subsp_mesenteroides_atcc_8293 = bacteria
listeria_monocytogenes_egd_e = bacteria
lysinibacillus_sphaericus_c3_41 = bacteria
mannheimia_haemolytica_serotype_a2_str_ovine = bacteria
mesoplasma_florum_l1 = bacteria
methanobacterium_formicicum_dsm_3637 = bacteria
methanobrevibacter_smithii_atcc_35061 = bacteria
methanocaldococcus_jannaschii_dsm_2661 = bacteria
methanococcus_maripaludis_s2 = bacteria
methanopyrus_kandleri_av19 = bacteria
methanosarcina_acetivorans_c2a = bacteria
methanospirillum_hungatei_jf_1 = bacteria
methanothermobacter_thermautotrophicus_str_delta_h = bacteria
micrococcus_luteus_nctc_2665 = bacteria
microcystis_aeruginosa_nies_843 = bacteria
moorella_thermoacetica_atcc_39073 = bacteria
moraxella_catarrhalis_7169 = bacteria
mycobacterium_tuberculosis_h37rv_asm19595v2 = bacteria
mycoplasma_pneumoniae_m129 = bacteria
myxococcus_xanthus_dk_1622 = bacteria
nanoarchaeum_equitans_kin4_m = bacteria
natronomonas_pharaonis_dsm_2160 = bacteria
neisseria_meningitidis_z2491 = bacteria
nitrosopumilus_maritimus_scm1 = bacteria
nostoc_punctiforme_pcc_73102 = bacteria
paracoccus_denitrificans_pd1222 = bacteria
pasteurella_multocida_subsp_multocida_str_pm70 = bacteria
porphyromonas_gingivalis_w83 = bacteria
prevotella_intermedia_17 = bacteria
prochlorococcus_marinus_subsp_marinus_str_ccmp1375 = bacteria
propionibacterium_acnes_kpa171202 = bacteria
proteus_mirabilis_hi4320 = bacteria
pseudomonas_aeruginosa_mpao1_p2 = bacteria
pyrobaculum_aerophilum_str_im2 = bacteria
pyrococcus_horikoshii_ot3 = bacteria
ralstonia_solanacearum_gmi1000 = bacteria
rhizobium_leguminosarum_bv_viciae_3841 = bacteria
rhodobacter_sphaeroides_2_4_1 = bacteria
rhodopirellula_baltica_sh_1 = bacteria
rhodospirillum_rubrum_atcc_11170 = bacteria
rickettsia_prowazekii_str_madrid_e = bacteria
salinibacter_ruber_dsm_13855 = bacteria
salmonella_enterica_subsp_enterica_serovar_typhimurium_str_lt2 = bacteria
shewanella_oneidensis_mr_1 = bacteria
shigella_dysenteriae_sd197 = bacteria
sinorhizobium_meliloti_1021 = bacteria
staphylococcus_aureus_subsp_aureus_n315 = bacteria
stenotrophomonas_maltophilia_k279a = bacteria
streptococcus_pneumoniae_tigr4 = bacteria
streptomyces_coelicolor_a3_2_ = bacteria
sulfolobus_solfataricus_p2 = bacteria
synechocystis_sp_pcc_6803_asm972v1 = bacteria
thermanaerovibrio_acidaminovorans_dsm_6589 = bacteria
thermococcus_kodakarensis_kod1 = bacteria
thermodesulfovibrio_yellowstonii_dsm_11347 = bacteria
thermofilum_pendens_hrk_5 = bacteria
thermoplasma_acidophilum_dsm_1728 = bacteria
thermosynechococcus_elongatus_bp_1 = bacteria
thermotoga_maritima_msb8_asm854v1 = bacteria
thermus_thermophilus_hb8 = bacteria
treponema_pallidum_subsp_pallidum_str_nichols_asm860v1 = bacteria
ureaplasma_parvum_serovar_3_str_atcc_700970 = bacteria
vibrio_cholerae_o1_biovar_el_tor_str_n16961 = bacteria
vibrio_fischeri_es114 = bacteria
wolbachia_endosymbiont_of_drosophila_melanogaster = bacteria
xanthomonas_campestris_pv_campestris_str_atcc_33913 = bacteria
yersinia_pestis_biovar_microtus_str_91001 = bacteria
ashbya_gossypii = fungi
aspergillus_clavatus = fungi
aspergillus_flavus = fungi
aspergillus_fumigatus = fungi
aspergillus_fumigatusa1163 = fungi
aspergillus_nidulans = fungi
aspergillus_niger = fungi
aspergillus_oryzae = fungi
aspergillus_terreus = fungi
blumeria_graminis = fungi
botryotinia_fuckeliana = fungi
cryptococcus_neoformans = fungi
fusarium_oxysporum = fungi
gaeumannomyces_graminis = fungi
gibberella_moniliformis = fungi
gibberella_zeae = fungi
glomerella_graminicola = fungi
komagataella_pastoris = fungi
leptosphaeria_maculans = fungi
magnaporthe_oryzae = fungi
magnaporthe_poae = fungi
melampsora_laricipopulina = fungi
microbotryum_violaceum = fungi
nectria_haematococca = fungi
neosartorya_fischeri = fungi
neurospora_crassa = fungi
phaeosphaeria_nodorum = fungi
puccinia_graminis = fungi
puccinia_triticina = fungi
pyrenophora_teres = fungi
pyrenophora_triticirepentis = fungi
saccharomyces_cerevisiae = fungi
schizosaccharomyces_cryophilus = fungi
schizosaccharomyces_japonicus = fungi
schizosaccharomyces_octosporus = fungi
schizosaccharomyces_pombe = fungi
sclerotinia_sclerotiorum = fungi
sporisorium_reilianum = fungi
trichoderma_reesei = fungi
trichoderma_virens = fungi
tuber_melanosporum = fungi
ustilago_maydis = fungi
verticillium_dahliae = fungi
yarrowia_lipolytica = fungi
zymoseptoria_tritici = fungi
acyrthosiphon_pisum = metazoa
aedes_aegypti = metazoa
amphimedon_queenslandica = metazoa
anopheles_darlingi = metazoa
anopheles_gambiae = metazoa
apis_mellifera = metazoa
atta_cephalotes = metazoa
bombyx_mori = metazoa
brugia_malayi = metazoa
caenorhabditis_brenneri = metazoa
caenorhabditis_briggsae = metazoa
caenorhabditis_elegans = metazoa
caenorhabditis_japonica = metazoa
caenorhabditis_remanei = metazoa
capitella_teleta = metazoa
crassostrea_gigas = metazoa
culex_quinquefasciatus = metazoa
danaus_plexippus = metazoa
daphnia_pulex = metazoa
dendroctonus_ponderosae = metazoa
drosophila_ananassae = metazoa
drosophila_erecta = metazoa
drosophila_grimshawi = metazoa
drosophila_melanogaster = metazoa
drosophila_mojavensis = metazoa
drosophila_persimilis = metazoa
drosophila_pseudoobscura = metazoa
drosophila_sechellia = metazoa
drosophila_simulans = metazoa
drosophila_virilis = metazoa
drosophila_willistoni = metazoa
drosophila_yakuba = metazoa
heliconius_melpomene = metazoa
helobdella_robusta = metazoa
ixodes_scapularis = metazoa
loa_loa = metazoa
lottia_gigantea = metazoa
megaselia_scalaris = metazoa
nasonia_vitripennis = metazoa
nematostella_vectensis = metazoa
onchocerca_volvulus = metazoa
pediculus_humanus = metazoa
pristionchus_pacificus = metazoa
rhodnius_prolixus = metazoa
schistosoma_mansoni = metazoa
solenopsis_invicta = metazoa
strigamia_maritima = metazoa
strongylocentrotus_purpuratus = metazoa
tetranychus_urticae = metazoa
tribolium_castaneum = metazoa
trichinella_spiralis = metazoa
trichoplax_adhaerens = metazoa
aegilops_tauschii = plants
amborella_trichopoda = plants
arabidopsis_lyrata = plants
arabidopsis_thaliana = plants
brachypodium_distachyon = plants
brassica_rapa = plants
chlamydomonas_reinhardtii = plants
cyanidioschyzon_merolae = plants
glycine_max = plants
hordeum_vulgare = plants
medicago_truncatula = plants
musa_acuminata = plants
oryza_barthii = plants
oryza_brachyantha = plants
oryza_glaberrima = plants
oryza_glumaepatula = plants
oryza_indica = plants
oryza_meridionalis = plants
oryza_nivara = plants
oryza_punctata = plants
oryza_sativa = plants
physcomitrella_patens = plants
populus_trichocarpa = plants
prunus_persica = plants
selaginella_moellendorffii = plants
setaria_italica = plants
solanum_lycopersicum = plants
solanum_tuberosum = plants
sorghum_bicolor = plants
triticum_aestivum = plants
triticum_urartu = plants
vitis_vinifera = plants
zea_mays = plants
albugo_laibachii = protists
bigelowiella_natans = protists
dictyostelium_discoideum = protists
emiliania_huxleyi = protists
entamoeba_histolytica = protists
giardia_lamblia = protists
guillardia_theta = protists
hyaloperonospora_arabidopsidis = protists
leishmania_major = protists
paramecium_tetraurelia = protists
phaeodactylum_tricornutum = protists
phytophthora_infestans = protists
phytophthora_ramorum = protists
phytophthora_sojae = protists
plasmodium_berghei = protists
plasmodium_chabaudi = protists
plasmodium_falciparum = protists
plasmodium_knowlesi = protists
plasmodium_vivax = protists
pythium_aphanidermatum = protists
pythium_arrhenomanes = protists
pythium_irregulare = protists
pythium_iwayamai = protists
pythium_ultimum = protists
pythium_vexans = protists
tetrahymena_thermophila = protists
thalassiosira_pseudonana = protists
toxoplasma_gondii = protists
trypanosoma_brucei = protists
